{
  "sacrebleu": 0.0019278900960169084,
  "rouge1": 0.14858916370519518,
  "rouge2": 0.01382857667967076,
  "rougeL": 0.14460324753047893,
  "rougeLsum": 0.14466361340340694,
  "n": 4444
}