{
  "sacrebleu": 0.01521919438534785,
  "rouge1": 0.1499618674912404,
  "rouge2": 0.013686414442808305,
  "rougeL": 0.1469178459096802,
  "rougeLsum": 0.14612644841685088,
  "n": 300
}