{
  "sacrebleu": 0.002531027145320745,
  "rouge1": 0.45197666798457403,
  "rouge2": 0.2633810704672159,
  "rougeL": 0.44968379942830183,
  "rougeLsum": 0.4495558145390188,
  "n": 4444
}