{
  "sacrebleu": 5.998843757255299,
  "rouge1": 0.4222222222222222,
  "rouge2": 0.2678571428571429,
  "rougeL": 0.4222222222222222,
  "rougeLsum": 0.4222222222222222,
  "n": 2
}