{
  "sacrebleu": 0.022021167580855035,
  "rouge1": 0.4658071472053657,
  "rouge2": 0.29052744052598245,
  "rougeL": 0.46523860673516065,
  "rougeLsum": 0.46599472790367846,
  "n": 300
}